OBJECTID,PARK_TYPE,STATUS,PARK_ID,PROPERTY,SUM_ACRES,ShapeSTArea,ShapeSTLength
1,ADMINISTRATION,DEVELOPED,ADMN,ADMINISTRATIVE OFFICE BLDG,11.78733455,513454.072021484,4779.71561716692
2,AQUATIC CENTER,DEVELOPED,AQUA,MECKLENBURG COUNTY AQUATIC CENTER,4.11144471,179093.69575957,1808.86829774536
3,AQUATIC CENTER,DEVELOPED,WOOD,DOUBLE OAKS FAMILY AQUATIC CENTER,2.4871354,108339.13390293,1399.69015845887
4,COMMUNITY PARK,DEVELOPED,ABRP,ALBEMARLE ROAD PARK,21.13117673,920470.468030469,6577.65588365785
5,COMMUNITY PARK,DEVELOPED,AMJP,AMAY JAMES PARK,41.57665354,1811071.7935377,6087.27834897899
6,COMMUNITY PARK,DEVELOPED,BLTN,BALLANTYNE PARK,90.11006012,3925179.23471172,17575.3251681944
7,COMMUNITY PARK,DEVELOPED,BLYT,BLYTHE LANDING PARK,23.74402327,1034285.67798125,7736.07885823977
8,COMMUNITY PARK,UNDEVELOPED,LKCP,LAKEVIEW PARK,50.32129647,2191987.3546457,9171.69949322258
9,COMMUNITY PARK,DEVELOPED,BRWD,BRIARWOOD PARK,33.28345924,1449821.80542539,6014.9066709324
10,COMMUNITY PARK,DEVELOPED,CANP,RICHARD BARRY MEMORIAL PARK,41.87470919,1824054.7196125,6858.81990749356
11,COMMUNITY PARK,DEVELOPED,CLAN,CLANTON PARK,72.26306621,3147766.47289883,12287.6567120618
12,COMMUNITY PARK,DEVELOPED,CLWD,SHUFFLETOWN PARK,54.20351753,2361095.8266123,6309.14523681123
13,COMMUNITY PARK,DEVELOPED,CMCP,CAMPBELL CREEK PARK,20.71639639,902402.566709766,4365.28734216761
14,COMMUNITY PARK,DEVELOPED,CMGP,CAMP GREENE PARK,27.4524676,1195824.87716895,6033.88370616198
15,GREENWAY,GREENWAY,CMGC,CAMP GREENE CONNECTOR,3.60059972,156841.440330273,3293.19212884626
16,COMMUNITY PARK,DEVELOPED,CORP,CORDELIA PARK,20.89170481,910039.296081836,4990.86528661585
17,COMMUNITY PARK,DEVELOPED,COUL,COULWOOD PARK,24.57177361,1070342.15765059,5782.69519547836
18,COMMUNITY PARK,DEVELOPED,DAVP,CLARKS CREEK PARK,35.12391895,1529991.97890059,6325.43145993223
19,COMMUNITY PARK,DEVELOPED,DBWP,DAVID B. WAYMER PARK,18.86576374,821789.114284766,6742.06614203703
20,COMMUNITY PARK,DEVELOPED,DRTA,DERITA PARK,23.53365666,1025121.76062246,6011.25737094079
21,COMMUNITY PARK,DEVELOPED,EASP,EASTWAY PARK,90.43868874,3939493.92204434,11492.7230075854
22,COMMUNITY PARK,DEVELOPED,FBDP,FLAT BRANCH PARK,54.22691218,2362114.58634551,6954.6028524978
23,COMMUNITY PARK,DEVELOPED,FSPK,FIRESTONE PARK,54.61261865,2378916.15925645,9035.23472371234
24,COMMUNITY PARK,DEVELOPED,HAPK,HUNTERSVILLE ATHLETIC PARK,37.20501456,1620644.20686855,5412.04793813168
25,COMMUNITY PARK,DEVELOPED,HUNT,HUNTINGTOWNE FARMS PARK,22.80825043,993523.636239648,8056.2475958055
26,COMMUNITY PARK,DEVELOPED,JBCP,JAMES BOYCE PARK,72.96512531,3178347.8368041,8332.44142211959
27,COMMUNITY PARK,DEVELOPED,KLBN,KILBORNE PARK,50.87431181,2216075.91058887,6557.72714096082
28,COMMUNITY PARK,DEVELOPED,MSNW,MASON WALLACE PARK,30.39420367,1323966.14001211,6028.65707495435
29,NEIGHBORHOOD PARK,UNDEVELOPED,RVRL,LAKE DRIVE,1.38275126,60232.5894251953,1407.68335475577
30,COMMUNITY PARK,DEVELOPED,LATP,LATTA PARK,29.70289888,1293853.01235645,12895.8638682793
31,COMMUNITY PARK,DEVELOPED,MCKE,MCKEE PARK,19.63077795,855113.102608594,5061.77570798205
32,COMMUNITY PARK,DEVELOPED,MDLP,MARION DIEHL PARK,58.84924965,2563462.55795586,9714.50908461417
33,COMMUNITY PARK,DEVELOPED,MLKP,MARTIN LUTHER KING PARK,28.9140445,1259490.84265977,5961.52387441042
34,COMMUNITY PARK,DEVELOPED,NEWP,NEWELL PARK,31.64727783,1378549.78837051,12163.9458173405
35,COMMUNITY PARK,DEVELOPED,NMPK,NORTH MECKLENBURG PARK,99.46247769,4332568.04807891,11929.7849545554
36,COMMUNITY PARK,DEVELOPED,PKRD,PARK ROAD PARK,71.41127562,3110662.71871602,8416.84212502436
37,COMMUNITY PARK,DEVELOPED,RAMS,RAMSEY CREEK PARK,43.02486871,1874156.2081041,7471.13011763248
38,COMMUNITY PARK,UNDEVELOPED,FERP,FERRELLTOWN PARK,33.90696254,1476154.69749805,8555.53155853494
39,COMMUNITY PARK,DEVELOPED,RAND,RANDOLPH ROAD PARK,24.88706736,1084076.3906625,5803.07994479215
40,COMMUNITY PARK,DEVELOPED,REVP,REVOLUTION PARK,30.45727067,1326713.56997168,6396.78055462528
41,COMMUNITY PARK,DEVELOPED,RMBL,RAMBLEWOOD SOCCER COMPLEX,101.93386648,4440221.95453262,14290.3981419105
42,COMMUNITY PARK,DEVELOPED,STHS,SOUTHSIDE PARK,20.5130138,893543.203564062,5300.94903871309
43,COMMUNITY PARK,UNDEVELOPED,HIKV,HICKORY VIEW PROPERTY,59.43135342,2588819.26595879,8291.601005678
44,COMMUNITY PARK,DEVELOPED,STHW,SOUTHVIEW PARK,89.83005156,3912981.31750059,19018.9732900557
45,COMMUNITY PARK,DEVELOPED,SUGP,SUGAW CREEK PARK,72.77837919,3170213.3861334,12413.7459307879
46,COMMUNITY PARK,DEVELOPED,UNCC,KIRK FARM FIELDS PARK,35.51703805,1547115.91733398,5050.70008237275
47,COMMUNITY PARK,UNDEVELOPED,CAPP,CAPPS PARK,66.74787042,2907525.54287051,8726.10423710642
48,COMMUNITY PARK,UNDEVELOPED,EZEL,EZELL FARM PARK,87.92206508,3829869.14602402,10106.6354330487
49,GOLF COURSE,DEVELOPED,CADI,CADILLAC GOLF DRIVING RANGE,26.928207,1172988.19054434,4491.28695315055
50,NEIGHBORHOOD PARK,DEVELOPED,TOMH,TOM HUNTER PARK,8.38585803,365286.471941797,2581.68916189454
51,COMMUNITY PARK,UNDEVELOPED,MARM,MARMAC ROAD PARK,22.49404468,979836.537236523,7194.80235220968
52,COMMUNITY PARK,UNDEVELOPED,NORL,NORTHLAKE AREA PROPERTY,26.28779374,1145091.70805762,5103.04607366917
53,COMMUNITY PARK,UNDEVELOPED,OAKH,OAK HILLS PARK,151.19105144,6585856.11570059,14849.0571264968
54,COMMUNITY PARK,UNDEVELOPED,PENN,CHARLES AND IDA GRAHAM PARK,45.46617483,1980498.22934082,7621.38453473899
55,COMMUNITY PARK,UNDEVELOPED,PNVP,PINEVILLE PARK,40.46834654,1762794.74129414,7115.97499188997
56,COMMUNITY PARK,UNDEVELOPED,REDD,REDDMAN PARK,38.77058367,1688839.55331094,6975.14295367838
57,GOLF COURSE,DEVELOPED,CTMY,CHARLES T. MYERS GOLF COURSE,309.66245228,13488842.6255592,17588.9701930358
58,NEIGHBORHOOD PARK,DEVELOPED,SOLO,SOLOMANS PARK,0.65207785,28404.3831597656,841.033486397806
59,GREENWAY,GREENWAY,SOPG,SOUTH PRONG ROCKY RIVER GREENWAY,3.85292167,167832.78528418,2730.13934317969
60,NEIGHBORHOOD PARK,DEVELOPED,TRYH,TRYON HILLS PARK,1.91008386,83202.9649527344,1208.20375629347
61,COMMUNITY PARK,UNDEVELOPED,RVRP,RIVERSIDE DRIVE,85.69057651,3732666.35804863,16695.1562108262
62,COMMUNITY PARK,UNDEVELOPED,WHIT,WHITE PARK,30.22066036,1316406.87776836,5628.94540589147
63,EVENT VENUE,DEVELOPED,MEMS,AMERICAN LEGION MEMORIAL STADIUM,13.11948549,571482.428858398,5246.89581085179
64,NEIGHBORHOOD PARK,DEVELOPED,DBLP,DOUBLE OAKS PARK,15.67944347,682993.752741797,5384.38886287345
65,GOLF COURSE,DEVELOPED,REVG,CHARLES L. SIFFORD GOLF COURSE,114.75706526,4998797.97755859,13468.3909751259
66,GOLF COURSE,DEVELOPED,RGLF,HARRY L. JONES SR. GOLF COURSE,342.33146929,14911898.384924,19069.4939500932
67,NEIGHBORHOOD PARK,DEVELOPED,GRHT,GRIER HEIGHTS PARK,5.46769866,238172.100181836,2078.5784220523
68,NATURE PRESERVE,DEVELOPED,DAVS,CLARKS CREEK NATURE PRESERVE,108.80733119,4739628.36441719,9682.45480038322
69,REGIONAL PARK,DEVELOPED,FRND,FRIENDSHIP SPORTSPLEX,4.03956726,175962.77696543,1849.59919348547
70,GOLF COURSE,DEVELOPED,SUNH,SUNSET HILLS GOLF COURSE,264.27735806,11511877.2222623,26710.3632436652
71,GOLF COURSE,DEVELOPED,TRGL,TRADITION GOLF COURSE,194.11074377,8455429.78602793,17687.3765571228
72,GREENWAY,GREENWAY,BEFD,BEATTIES FORD RD CONNECTOR,0.00548903,239.103941601562,102.767658639881
73,GREENWAY,GREENWAY,BKCG,BACK CREEK GREENWAY,133.8250785,5829396.30438301,55117.5050493
74,NATURE PRESERVE,UNDEVELOPED,TMNT,T.M. WINGET NATURE PRESERVE,116.4096328,5070783.19082031,11517.46296955
75,GREENWAY,GREENWAY,CLBG,CLEMS BRANCH GREENWAY,11.18457043,487198.031561719,7559.93216939923
76,GREENWAY,GREENWAY,CLRK,CLARKS CREEK GREENWAY,111.74562498,4867620.05900684,50525.0112929162
77,NEIGHBORHOOD PARK,DEVELOPED,DEVS,DEVONSHIRE PARK,1.48456504,64667.2831650391,1262.28214275533
78,NEIGHBORHOOD PARK,UNDEVELOPED,KING,WILMORE CENTENNIAL PARK AT SOUTHEND,1.25826495,54809.7953958984,961.041707622626
79,GREENWAY,GREENWAY,BKCT,BACK CREEK TRIBUTARY,49.62047796,2161458.70323008,16582.2342970732
80,GREENWAY,GREENWAY,BRCG,BRIAR CREEK GREENWAY,106.92723651,4657732.63699727,64771.8985883318
81,GREENWAY,GREENWAY,BRTN,BARTON CREEK GREENWAY,5.51182969,240094.23019707,6790.80664473316
82,GREENWAY,GREENWAY,CLTR,CLARKS CREEK TRIBUTARY,13.23283581,576420.30285332,8572.34488050217
83,GREENWAY,GREENWAY,CMCG,CAMPBELL CREEK GREENWAY,159.85465414,6963240.68733594,58940.9833615168
84,GREENWAY,GREENWAY,DIBG,DIXON BRANCH GREENWAY,16.843475,733698.805406836,10590.3854347078
85,GREENWAY,GREENWAY,EDBG,EDWARDS BRANCH GREENWAY,13.39441672,583458.885253711,6605.71345096051
86,GREENWAY,GREENWAY,CFCG,COFFEY CREEK GREENWAY,115.70778872,5040211.00455684,35608.6319649368
87,NEIGHBORHOOD PARK,DEVELOPED,PROG,PROGRESS PARK,0.71778248,31266.491775,712.979138516085
88,GREENWAY,GREENWAY,FBRG,FLAT BRANCH GREENWAY,28.0767386,1223017.9486459,9868.80079704477
89,GREENWAY,GREENWAY,FMCG,FOUR MILE CREEK GREENWAY,154.86684186,6745972.28800352,72198.2763549481
90,GREENWAY,GREENWAY,GCGY,GAR CREEK GREENWAY,12.64790151,550940.145855664,4194.75071622317
91,NEIGHBORHOOD PARK,UNDEVELOPED,MAYP,MAYERLING DRIVE PARK,5.55593893,242015.750460547,2271.85835151584
92,GREENWAY,GREENWAY,GUMC,GUM BRANCH GREENWAY,46.94406537,2044875.64017188,18406.2901810118
93,NEIGHBORHOOD PARK,DEVELOPED,ELIZ,ELIZABETH PARK,3.02236224,131653.502076172,2536.48738158801
94,GREENWAY,GREENWAY,IRVN,IRVIN CREEK GREENWAY,44.5815323,1941964.03014434,24291.056143602
95,NEIGHBORHOOD PARK,DEVELOPED,DRUD,DRUID HILLS PARK,6.92054024,301457.577490625,3360.70720436812
96,GREENWAY,GREENWAY,LTHP,LITTLE HOPE CREEK GREENWAY,19.50886694,849803.941185352,8951.45546380644
97,GREENWAY,GREENWAY,LTHT,LITTLE HOPE CREEK TRIBUTARY,1.69965667,74037.1662058594,2321.41768107206
98,GREENWAY,GREENWAY,LTSC,LITTLE SUGAR CREEK GREENWAY,337.99210042,14722426.4107834,144214.520421216
99,GREENWAY,GREENWAY,MCAG,MCALPINE CREEK GREENWAY,798.25274384,34771594.0832113,198545.943386814
100,GREENWAY,GREENWAY,IRWG,IRWIN CREEK GREENWAY,57.3932221,2500038.70877891,29008.4010377229
101,NATURE PRESERVE,DEVELOPED,EVER,EVERGREEN NATURE PRESERVE,77.41414574,3372147.00311621,9090.2958059876
102,GREENWAY,GREENWAY,KGSW,KINGS BRANCH GREENWAY,51.83672868,2257998.86646387,18146.1064407779
103,GREENWAY,GREENWAY,KNDB,KENNEDY BRANCH GREENWAY,1.42362046,62012.9707681641,1062.08063181688
104,GREENWAY,GREENWAY,LGCG,LONG CREEK GREENWAY,483.13176416,21044880.6825783,100290.317470659
105,NATURE PRESERVE,DEVELOPED,FBNP,FLAT BRANCH NATURE PRESERVE,42.22003027,1839096.72862461,6145.37170283012
106,NEIGHBORHOOD PARK,DEVELOPED,BRYT,BRYANT PARK,14.77402477,643553.795427148,6135.008541997
107,GREENWAY,GREENWAY,TBYC,TOBY CREEK GREENWAY,36.61762172,1595056.65862617,18459.3398373655
108,GREENWAY,GREENWAY,TRCK,TORRENCE CREEK GREENWAY,173.98967252,7578959.72566348,45246.0749578349
109,NEIGHBORHOOD PARK,DEVELOPED,LTLP,LITTLE PEOPLES PARK,0.19459616,8476.59056796875,410.585161171275
110,NEIGHBORHOOD PARK,DEVELOPED,CARM,CARMEL ROAD PARK,9.70009484,422534.588183984,2689.74189100781
111,NATURE PRESERVE,UNDEVELOPED,GCNP,GAR CREEK NATURE PRESERVE,389.29908914,16957799.2287039,42175.5593361725
112,GREENWAY,GREENWAY,MCCG,MCINTYRE CREEK GREENWAY,34.66151299,1509849.28848027,20398.2872329899
113,GREENWAY,GREENWAY,MCDG,MCDOWELL CREEK GREENWAY,228.5412188,9955215.05795117,67334.1903899383
114,GREENWAY,GREENWAY,MCKT,MCMULLEN CREEK TRIBUTARY,0.58913917,25662.7078476562,698.761854748909
115,GREENWAY,GREENWAY,MCMG,MCMULLEN CREEK GREENWAY,176.85245058,7703662.36141641,69558.0231007032
116,GREENWAY,GREENWAY,MLCG,MALLARD CREEK GREENWAY,182.40830029,7945673.22416172,92885.5017993937
117,GREENWAY,GREENWAY,NPCG,NORTH PRONG CLARKE CREEK GREENWAY,1.32158775,57568.1223453125,1285.10145905406
118,NATURE PRESERVE,DEVELOPED,RIBW,RIBBONWALK NATURE PRESERVE,186.80713718,8137286.46737578,18263.9891970832
119,GREENWAY,GREENWAY,PAWC,PAW CREEK GREENWAY,39.7419076,1731150.72101055,22852.3360248984
120,GREENWAY,GREENWAY,POLK,POLK DITCH GREENWAY,2.18770924,95296.2511970703,1924.32930329823
121,GREENWAY,GREENWAY,TRCK,TORRENCE CREEK TRIBUTARY,43.78623087,1907320.65190879,15905.6867898342
122,NEIGHBORHOOD PARK,DEVELOPED,GRAY,GRAYSON PARK,12.13351886,528533.817579492,3215.29244565317
123,GREENWAY,GREENWAY,RECG,REEDY CREEK GREENWAY,88.78367127,3867397.54436719,35423.0355470624
124,NATURE PRESERVE,DEVELOPED,BIGR,BIG ROCK NATURE PRESERVE,21.85678581,952077.812834961,6137.74171184843
125,NATURE PRESERVE,DEVELOPED,COWW,COWANS FORD WILDLIFE REFUGE,849.35193205,36997622.537477,64834.3199448177
126,NATURE PRESERVE,DEVELOPED,WBNP,WEST BRANCH NATURE PRESERVE,90.59347073,3946235.727625,8414.41455394838
127,NEIGHBORHOOD PARK,DEVELOPED,CEDR,CEDARWOOD PARK,8.59935948,374586.590281055,2656.79945212514
128,GREENWAY,GREENWAY,SCCG,SOUTH PRONG CLARKE CREEK GREENWAY,29.31940667,1277148.77455176,19429.8397583672
129,GREENWAY,GREENWAY,SMCG,SIX MILE CREEK GREENWAY,65.06967092,2834422.84548145,34556.4307125484
130,GREENWAY,GREENWAY,STCG,STEELE CREEK GREENWAY,42.86793234,1867319.94293008,21113.3055467425
131,GREENWAY,GREENWAY,STNY,STONEY CREEK GREENWAY,9.13402839,397876.534863477,5622.41073571629
132,GREENWAY,GREENWAY,STWC,STEWART CREEK GREENWAY,75.23438062,3277196.03973418,47577.1379641425
133,GREENWAY,GREENWAY,SUCG,SUGAR CREEK GREENWAY,200.55318002,8736063.21531465,67928.9048923257
134,NEIGHBORHOOD PARK,DEVELOPED,CHAS,CHARLES AVENUE PARK,0.62904042,27400.8745310547,667.034570041602
135,NEIGHBORHOOD PARK,DEVELOPED,CHTY,CHANTILLY PARK,19.48992629,848977.629094727,6088.20781726319
136,GREENWAY,GREENWAY,WABG,WALKERS BRANCH GREENWAY,54.80062124,2387105.81689395,27717.5257755281
137,GREENWAY,GREENWAY,WBRR,WEST BRANCH ROCKY RIVER GREENWAY,9.22719751,401935.318856055,4288.49314122821
138,GREENWAY,GREENWAY,WESG,WESLEY HEIGHTS GREENWAY,4.73008119,206041.275728125,4699.53441285672
139,HISTORIC SITE,DEVELOPED,ALHS,ALEXANDRIANA HISTORIC SITE,1.01275109,44115.2785052734,1086.90125197183
140,HISTORIC SITE,DEVELOPED,LATH,LATTA PLACE HISTORIC SITE,2.9880764,130159.932900195,1425.23398770179
141,HISTORIC SITE,DEVELOPED,MCIN,MCINTYRE HISTORIC SITE,1.74716162,76105.9193097656,1122.66253351452
142,NATURE PRESERVE,DEVELOPED,AUTN,AUTEN NATURE PRESERVE,300.91790808,13107919.6621187,45924.6751298379
143,NEIGHBORHOOD PARK,DEVELOPED,CLEM,CLEMSON AVENUE PARK,0.90918134,39603.7815060547,797.861432693549
144,NATURE PRESERVE,DEVELOPED,GATE,ISWA NATURE PRESERVE,138.01847009,6012059.43883555,12233.2321767696
145,NATURE PRESERVE,DEVELOPED,LATN,LATTA NATURE PRESERVE,1471.5522888,64100560.8933961,68931.9237859403
146,NATURE PRESERVE,DEVELOPED,MCDL,MCDOWELL NATURE PRESERVE,1143.22860453,49798839.9197613,104780.964820538
147,NATURE PRESERVE,DEVELOPED,PRNP,PROVIDENCE NATURE PRESERVE,48.11919969,2096064.06202637,10369.0058403008
148,NATURE PRESERVE,DEVELOPED,RENP,REEDY CREEK NATURE PRESERVE,676.72572188,29478053.8737268,38308.9653320511
149,NATURE PRESERVE,DEVELOPED,RURL,RURAL HILL NATURE PRESERVE,497.16240942,21656307.9482471,41293.9821938663
150,NATURE PRESERVE,DEVELOPED,SHRM,SHERMAN BRANCH NATURE PRESERVE,209.52786092,9126997.52197637,12600.3967286576
151,NATURE PRESERVE,DEVELOPED,STPH,BUCKEYE COVE NATURE PRESERVE,394.36269935,17178368.8907658,51400.3817129995
152,NEIGHBORHOOD PARK,DEVELOPED,MARS,MARSHALL PARK,5.49856483,239516.460741211,2285.88256607256
153,NATURE PRESERVE,UNDEVELOPED,BERR,BERRYHILL NATURE PRESERVE,167.8399132,7311077.49126055,17582.4632049086
154,NATURE PRESERVE,UNDEVELOPED,BRNH,ROCKY RIVER BLUFF NATURE PRESERVE,61.07334776,2660343.80843535,9481.09522313491
155,NATURE PRESERVE,UNDEVELOPED,FERL,FERRELLTOWN NATURE PRESERVE,42.19950026,1838202.84493828,6789.23778868146
156,NEIGHBORHOOD PARK,DEVELOPED,SIXP,SIXTEENTH STREET PARK,1.63019399,71011.0615216797,1070.3293967367
157,NATURE PRESERVE,UNDEVELOPED,OEHP,OEHLER NATURE PRESERVE,140.87826484,6136633.15327695,15026.8020794972
158,NATURE PRESERVE,UNDEVELOPED,SHFP,SHUFFLETOWN PRAIRIE NATURE PRESERVE,18.06010959,786695.311670508,7817.8875160253
159,NEIGHBORHOOD PARK,DEVELOPED,COLL,COLLINS PARK,3.6734543,160014.909522852,2057.42215461263
160,NEIGHBORHOOD PARK,DEVELOPED,COLN,COLONIAL PARK,2.49295555,108592.663238477,1629.12327865575
161,NEIGHBORHOOD PARK,DEVELOPED,CROS,FOREST PAWTUCKETT PARK,8.01470042,349118.902437109,3723.90083233545
162,NATURE PRESERVE,UNDEVELOPED,STVN,STEVENS CREEK NATURE PRESERVE,280.21079556,12205932.8218504,22001.810825131
163,NEIGHBORHOOD PARK,DEVELOPED,HOSK,EVA B. BARBER PARK,15.55598798,677616.101079492,5081.88919468466
164,NATURE PRESERVE,UNDEVELOPED,HAYP,HAYMARKET NATURE PRESERVE,99.59992835,4338555.64035371,20470.1474425148
165,NATURE PRESERVE,UNDEVELOPED,MRND,POSSUM WALK NATURE PRESERVE,62.48885241,2722003.05069316,7749.39332349137
166,NATURE PRESERVE,UNDEVELOPED,MTLD,ROZZELLES FERRY NATURE PRESERVE,4.49797057,195930.816776563,2140.7532085478
167,NEIGHBORHOOD PARK,DEVELOPED,ARCH,ARCHDALE PARK,16.60959949,723511.496850391,3491.9505459925
168,NEIGHBORHOOD PARK,DEVELOPED,ABBT,ABBOTT PARK,7.25774985,316146.681528711,4751.34310072498
169,NEIGHBORHOOD PARK,DEVELOPED,ALEX,ALEXANDER PARK,4.4379737,193317.437073242,2651.03740477643
170,NEIGHBORHOOD PARK,DEVELOPED,ALHP,ALLEN HILLS PARK,18.08717427,787874.238590039,5398.31968238691
171,NEIGHBORHOOD PARK,DEVELOPED,ANSP,ANITA STROUD PARK,5.24940323,228663.219386328,3954.51194082491
172,NEIGHBORHOOD PARK,DEVELOPED,BIDD,BIDDLEVILLE PARK,3.22112292,140311.357352148,1827.0040757485
173,NEIGHBORHOOD PARK,DEVELOPED,EALD,EAGLES LANDING PARK,7.70411046,335589.68768125,3474.15948957108
174,NEIGHBORHOOD PARK,DEVELOPED,EAST,EASTOVER PARK,19.38726445,844505.916791016,4362.61725160307
175,NEIGHBORHOOD PARK,DEVELOPED,EBMP,EB MOORE PARK,4.01700966,174980.249818359,1767.41618338249
176,NEIGHBORHOOD PARK,DEVELOPED,EDGE,EDGEHILL PARK,5.37185906,233997.188330859,2990.77503205131
177,NEIGHBORHOOD PARK,DEVELOPED,ENDP,ENDERLY PARK,8.47864042,369328.348089844,5017.63693464474
178,NEIGHBORHOOD PARK,DEVELOPED,FIVE,FIVE POINTS PARK,9.25718272,403241.023416992,3542.86022262828
179,NEIGHBORHOOD PARK,DEVELOPED,FOUR,FOURTH WARD PARK,2.91757052,127089.00597168,2537.46666772504
180,NEIGHBORHOOD PARK,UNDEVELOPED,MCDP,MCDOWELL CREEK PARK,14.68928441,639862.751900781,4153.83404608974
181,NEIGHBORHOOD PARK,DEVELOPED,FRAZ,FRAZIER PARK,17.08388583,744170.864911523,6842.29756678049
182,NEIGHBORHOOD PARK,DEVELOPED,FRED,FRED ALEXANDER PARK,6.04484121,263312.342516602,2240.55085216386
183,NEIGHBORHOOD PARK,DEVELOPED,FRST,FIRST WARD PARK,3.06108676,133340.363347461,2047.48693272975
184,NEIGHBORHOOD PARK,DEVELOPED,HOWA,HOWIE ACRES PARK,7.8072333,340081.457331445,3870.33699607658
185,NEIGHBORHOOD PARK,DEVELOPED,HRNP,HARRISBURG ROAD PARK,0.91309771,39774.398565625,880.874284757271
186,NEIGHBORHOOD PARK,DEVELOPED,MIDT,MIDTOWN PARK,1.84764529,80483.2403658203,1314.84523126241
187,NEIGHBORHOOD PARK,DEVELOPED,INDP,INDEPENDENCE PARK,21.08165814,918313.0677,7103.17860231535
188,NEIGHBORHOOD PARK,DEVELOPED,JUPK,JULIAN UNDERWOOD PARK,13.47228971,586850.545102539,3654.17547458861
189,NEIGHBORHOOD PARK,DEVELOPED,LCCP,L.C. COLEMAN PARK,19.72830469,859361.80672832,9304.75687114927
190,NEIGHBORHOOD PARK,DEVELOPED,PRES,PRESSLEY ROAD PARK,5.95512397,259404.160395117,2177.32739241411
191,NEIGHBORHOOD PARK,DEVELOPED,LHTP,LINCOLN HEIGHTS PARK,9.19505471,400534.946549023,5817.77618183883
192,NEIGHBORHOOD PARK,DEVELOPED,LIND,DELTA CREEK PARK,10.88054297,473954.752193164,3935.41254772332
193,NEIGHBORHOOD PARK,DEVELOPED,MIDW,MIDWOOD PARK,6.23999608,271812.982726562,2978.40762620759
194,NEIGHBORHOOD PARK,DEVELOPED,MOEP,MERRY OAKS PARK,1.43640037,62569.4198154297,1682.50050617563
195,NEIGHBORHOOD PARK,DEVELOPED,MORG,CHERRY PARK,2.28970321,99739.2900005859,1532.19382286767
196,NEIGHBORHOOD PARK,DEVELOPED,MTHP,METHODIST HOME PARK,9.79457841,426650.081263086,3105.03929548272
197,NEIGHBORHOOD PARK,DEVELOPED,NCPK,NORTH CHARLOTTE PARK,3.04671551,132714.375625977,1531.20833615577
198,NEIGHBORHOOD PARK,DEVELOPED,NINT,NINTH STREET PARK,0.25527066,11119.554171875,423.379667010299
199,NEIGHBORHOOD PARK,DEVELOPED,OAKT,OAKHURST PARK,5.13354037,223616.192812695,2115.70178585871
200,NEIGHBORHOOD PARK,DEVELOPED,PERL,PEARL STREET PARK,9.92081078,432148.936357227,4636.46659832561
201,NEIGHBORHOOD PARK,DEVELOPED,PKTN,PARK ROAD TENNIS CENTER,17.9897759,783631.834531445,4425.99529649025
202,NEIGHBORHOOD PARK,DEVELOPED,PVLY,PINE VALLEY PARK,4.41519359,192324.979936914,4356.873248365
203,NEIGHBORHOOD PARK,UNDEVELOPED,RVRH,RIVERHAVEN PROPERTY,0.29063905,12660.192746875,458.449244318518
204,NEIGHBORHOOD PARK,DEVELOPED,REID,REID PARK,17.71694053,771746.878582227,7944.62172857255
205,NEIGHBORHOOD PARK,DEVELOPED,ROBB,ROBBINS PARK,7.95226925,346399.343205664,3200.85014573725
206,NEIGHBORHOOD PARK,DEVELOPED,ROCK,THEREASEA C. ELDERS PARK,15.75024128,686077.89865625,3995.18575201695
207,NEIGHBORHOOD PARK,DEVELOPED,SEDF,SEDGEFIELD PARK,5.05834035,220340.449640039,2139.74951168603
208,NEIGHBORHOOD PARK,DEVELOPED,SEVP,SEVERSVILLE PARK,11.08123782,482696.438323047,3671.82881312125
209,NEIGHBORHOOD PARK,DEVELOPED,SHAM,SHAMROCK PARK,2.21648056,96549.4470158203,1812.21053410016
210,NEIGHBORHOOD PARK,DEVELOPED,SHLD,SHEFFIELD PARK,8.05008103,350660.138412695,3347.84245104109
211,NEIGHBORHOOD PARK,DEVELOPED,SPRG,SPRINGFIELD PARK,11.52057966,501834.392693945,3411.9503463565
212,NEIGHBORHOOD PARK,DEVELOPED,THMP,THOMPSON PARK,3.32889263,145006.001442187,1512.84603302711
213,NEIGHBORHOOD PARK,DEVELOPED,THRD,JAMES DENNIS RASH PARK,0.559811,24385.2647501953,828.583425327171
214,NEIGHBORHOOD PARK,DEVELOPED,TUCP,TUCKASEEGEE PARK,19.74348673,860022.718342969,5935.6033149433
215,NEIGHBORHOOD PARK,DEVELOPED,UNTY,UNITY PARK,5.32990644,232170.030919141,2213.52424433477
216,NEIGHBORHOOD PARK,DEVELOPED,VETS,VETERANS PARK,17.34419418,755509.864683984,4178.55119691048
217,NEIGHBORHOOD PARK,DEVELOPED,VIEW,VIEWMONT PARK,11.0258968,480286.1271875,2766.41339536716
218,NEIGHBORHOOD PARK,DEVELOPED,WADD,WADDELL STREET PARK,4.88140999,212633.479270898,2137.53690813374
219,NEIGHBORHOOD PARK,DEVELOPED,WCPK,WEST CHARLOTTE PARK,3.21570916,140075.726352539,1506.80203321254
220,NEIGHBORHOOD PARK,DEVELOPED,WEPK,ROMARE BEARDEN PARK,5.09255342,221830.744291211,1934.08221487023
221,NEIGHBORHOOD PARK,DEVELOPED,WEST,WESTERLY HILLS PARK,12.51236771,545036.494152344,5649.54587878303
222,NEIGHBORHOOD PARK,DEVELOPED,WILM,WILMORE PARK,1.27237451,55424.4404076172,1419.731355107
223,NEIGHBORHOOD PARK,DEVELOPED,WING,WINGATE PARK,2.79330576,121675.799227734,1485.27665927472
224,NEIGHBORHOOD PARK,DEVELOPED,WINT,WINTERFIELD PARK,13.7540614,599124.52903418,4948.28649371867
225,NEIGHBORHOOD PARK,DEVELOPED,WMJP,WEST MECKLENBURG PARK,4.08524984,177952.830552734,1706.9132682972
226,NEIGHBORHOOD PARK,DEVELOPED,YORK,YORKMONT PARK,2.62214987,114220.451430273,1367.42735187735
227,NEIGHBORHOOD PARK,UNDER CONSTRUCTION,DOWD,DOWD PARK,0.92517217,40300.2723751953,938.186060608726
228,NEIGHBORHOOD PARK,UNDEVELOPED,BAIL,BAILEY ROAD PARK,11.84673579,516041.749866016,4382.94515659209
229,NEIGHBORHOOD PARK,UNDEVELOPED,CALD,CALDWELL PARK,28.85559537,1256944.94703418,4691.42952045623
230,NEIGHBORHOOD PARK,UNDEVELOPED,GRAH,4TH & GRAHAM PROPERTY,1.0741573,46790.0126330078,1378.95625818306
231,NEIGHBORHOOD PARK,UNDEVELOPED,GREN,GREENE STREET PARK,0.10148573,4420.68421875,280.432809259598
232,NEIGHBORHOOD PARK,UNDEVELOPED,HIDV,HIDDEN VALLEY PARK,19.95001593,869019.312126953,5559.41923533155
233,NEIGHBORHOOD PARK,UNDEVELOPED,INPP,INDEPENDENCE POINTE PARK,11.42367797,497613.360983594,5320.91013447994
234,NEIGHBORHOOD PARK,UNDEVELOPED,JOPK,JOHNSTON ROAD PARK,1.57971179,68811.7899902344,1608.58646728115
235,NEIGHBORHOOD PARK,UNDEVELOPED,RVRS,RIVERSIDE PROPERTY,2.22294248,96831.2302320312,2448.64493029064
236,NEIGHBORHOOD PARK,UNDEVELOPED,TEDD,TEDDINGTON PARK,17.44862401,760059.079605078,4460.46547613441
237,NEIGHBORHOOD PARK,UNDEVELOPED,UNIV,UNIVERSITY MEADOWS PARK,6.11961431,266569.53866875,2233.51223775516
238,RECREATION CENTER,DEVELOPED,AGRC,ARBOR GLEN OUTREACH CENTER,0.89138828,38828.7216904297,849.898521400253
239,RECREATION CENTER,DEVELOPED,ENDC,BETTE RAE THOMAS RECREATION CENTER,6.09173624,265355.096700781,2497.08186104956
240,RECREATION CENTER,DEVELOPED,GRCR,GREENVILLE RECREATION CENTER,2.44846432,106654.636069336,1319.93777588124
241,RECREATION CENTER,DEVELOPED,METO,SECOND WARD GYMNASIUM,1.40546297,61221.6975484375,1029.669727619
242,RECREATION CENTER,UNDER CONSTRUCTION,NMRC,NORTH MECKLENBURG RECREATION CENTER,44.34067845,1931472.67527227,10170.770493548
243,REGIONAL PARK,DEVELOPED,IDLE,IDLEWILD ROAD PARK,128.3835224,5592364.4856543,13731.8190898412
244,REGIONAL PARK,DEVELOPED,AFRM,ABERSHAM PARK,345.49023042,15049493.7666773,20748.1694108006
245,REGIONAL PARK,DEVELOPED,CATW,US NATIONAL WHITEWATER CENTER,289.01089064,12589264.1825314,32548.4248968637
246,REGIONAL PARK,DEVELOPED,CDHP,R.C. BRADFORD PARK,210.85182672,9184669.17229336,15133.7406710295
247,REGIONAL PARK,DEVELOPED,COLB,COLONEL FRANCIS J. BEATTY PARK,264.5525566,11523860.6246641,21990.3917190931
248,REGIONAL PARK,DEVELOPED,DBWF,DAVID B. WAYMER AEROMODELLER PARK,139.78458383,6088992.44035938,13464.10899754
249,REGIONAL PARK,DEVELOPED,MATH,MECKLENBURG COUNTY SPORTS COMPLEX,160.74129221,7001862.79012051,12061.2029300763
250,REGIONAL PARK,DEVELOPED,FREE,FREEDOM PARK,104.89593038,4569248.3924332,12175.2903392461
251,REGIONAL PARK,DEVELOPED,H521,ELON HOMES PARK,104.42198898,4548603.1522834,11446.5686106975
252,REGIONAL PARK,DEVELOPED,HACP,HARRISBURG ROAD SPORTSPLEX,106.20417543,4626234.55264063,10417.253282667
253,REGIONAL PARK,DEVELOPED,HORN,HORNETS NEST PARK,172.00581568,7492543.47360508,13371.4616420818
254,REGIONAL PARK,DEVELOPED,JPLN,JETTON PARK,104.01018434,4530665.27450078,15894.9215173781
255,REGIONAL PARK,DEVELOPED,LTRC,ROBERT L. SMITH PARK,211.23449128,9201338.01407559,25567.8028583523
256,REGIONAL PARK,DEVELOPED,MCCP,MCALPINE CREEK PARK,109.38763669,4764906.55321094,11289.6198922517
257,REGIONAL PARK,DEVELOPED,MLCP,MALLARD CREEK PARK,310.3932698,13520676.4368568,29169.7556783525
258,REGIONAL PARK,DEVELOPED,NEVN,NEVIN PARK,196.36118401,8553459.51028926,14916.4473062731
259,REGIONAL PARK,DEVELOPED,REDY,REEDY CREEK PARK,299.02549238,13025499.0510162,16146.0769998968
260,REGIONAL PARK,DEVELOPED,RSPK,RENAISSANCE PARK,144.9680894,6314784.94268672,13941.8523118144
261,REGIONAL PARK,DEVELOPED,TMCW,T.M. WINGET PARK,149.19215254,6498783.94493828,12144.4016375593
262,REGIONAL PARK,DEVELOPED,UPST,BEREWICK PARK,197.67562297,8610689.66410723,17563.8982204275
263,REGIONAL PARK,DEVELOPED,WRDP,WILLIAM R. DAVIE PARK,106.64467215,4645423.24314746,8807.80799186833
264,REGIONAL PARK,UNDEVELOPED,BCKP,BACK CREEK PARK,126.85128099,5525618.44291406,14815.786177155
265,REGIONAL PARK,UNDEVELOPED,CLKD,EASTFIELD PARK,114.77178107,4999439.08340684,10107.9455104361
266,REGIONAL PARK,UNDEVELOPED,COOK,COOK PARK,147.15079648,6409864.34767363,11569.3299087423
267,REGIONAL PARK,UNDEVELOPED,FVRP,FAIRVIEW RD PARK,141.88196261,6180354.01644512,12925.3246607201
268,REGIONAL PARK,UNDEVELOPED,MATM,MATTHEWS-MINT HILL PARK,93.15972053,4058021.74657051,9666.72073437669
269,REGIONAL PARK,UNDEVELOPED,MCTO,MCILWAINE PARK,137.71177077,5998701.20092871,14918.9856641281
270,REGIONAL PARK,UNDEVELOPED,WEAC,WESTMORELAND PARK,99.50884193,4334588.36425449,16301.3485804565
271,SENIOR CENTER,DEVELOPED,TYVS,TYVOLA SENIOR CENTER,4.49918303,195983.679399219,1903.52634364973
